Category,Product Name
Wine,FLOCAID® EG
Wine,AIDFERM® W
Wafers,BISCAMAZE® CW
Bread Buns Pizza Base,FLOUR FORTE
Biscuits Cookies,BISCAMAZE® LF
Extruded Fried Snacks,TEXTUREAID® CLF
Microbial Solutions,GT ACTIV®
Microbial Solutions,MALODOREX® ACTIV
Microbial Solutions,U BLOCK ACTIV®
Microbial Solutions,STP ACTIV™
Microbial Solutions,STP ACTIV™ ULTRA
Microbial Solutions,CAS ACTIV®
Microbial Solutions,MALODOREX® Activ SLR
Microbrewery,CARRAFLOCAID®
Microbrewery,FLOCAID®
Microbrewery,FERMAID BF®
Microbrewery,FERMAID® B
Chocolate Coffee,STABAID® CF
Distilleries,Fermaid Plus® (Fermentation Boosters)
Distilleries,Fermaid™ P (Fermentation Boosters)
Distilleries,Fermaid™ PI (Fermentation Boosters)
Distilleries,SolubAid G
Distilleries,SaccarAid G
Distilleries,Fermaid™ AF
Pasta And Noodles,TEXTUREAID® AP
Breweries,Antiox
Breweries,Attenaid
Breweries,Brewstabaid PSEP
Breweries,CarraflocAid®
Breweries,FermAid™ B
Breweries,Fermaid™ BF
Breweries,FlocAid® S
Breweries,FoamAid®
Breweries,GristSolubAid
Breweries,MashAid™ A
Breweries,MashAid™ GX
Breweries,MashAid™ PAG
Breweries,OxynilAid
Breweries,QuickStabAid® A
Breweries,ShineAid®
Milk Based,STABAID® C
Cake,PRECCEL M
Cake,PRECCEL S
Fruit Based,STABAID® F
Meat,TEXTUREAID® M
Meat,TEXTUREAID® MSK
Mayonnaise,PREMAYCEL
Egg Free Nougat,HIFOAMAID® 30
Egg Free Nougat,HIFOAMAID® SVP
