"Task Description","Category","Status","Estimated Completion (Days)"
"Standardize multi/single product page layouts","Design","Completed","0"
"Clean up product page content (remove redundant headers, disclaimers)","Content","Completed","0"
"Update pill texts to match product names","Content","Completed","0"
"Generate and insert high-quality images for product sections","Media","Completed","0"
"Fix inline CSS overrides for headings across all 49 pages","Development","Completed","0"
"Enhance H2 heading styles (accent underline, sizes) site-wide","Design","Completed","0"
"Revert H1 heading styles to original design","Design","Completed","0"
"Rename 'Function:' text to 'Benefits:' in product text across all pages","Content","Completed","0"
"Rename bento card 'FUNCTION' label to 'BENEFITS' on product pages","Content","Remaining","0.5"
"Final QA, mobile responsiveness check, and cross-browser testing","QA","Remaining","1.0"
"Client review and final feedback implementation","Review","Remaining","1.5"
